Workbook

Sheet For Creation
A1: Full name | B1: First name | C1: Last name | D1: Username | E1: Password | F1: Group | G1: Position | H1: Business Center | I1: Status
A2: Yasona, Rathia Joyce | B2: Rathia Joyce | C2: Yasona | D2: rdyasona@chookstogoinc.com.ph | E2: Bounty2025 | F2: Retail | G2: Regional Head | H2: South Luzon
A3: Librando , Michael Angelo | B3: Michael Angelo | C3: Librando | D3: mclibrando@chookstogoinc.com.ph | E3: Bounty2025 | F3: Retail | G3: Regional Head | H3: North and Central Luzon
A4: Navarro, Dominico | B4: Dominico | C4: Navarro | D4: dbnavarro@chookstogoinc.com.ph | E4: Bounty2025 | F4: Retail | G4: Regional Head | H4: Metro Manila
A5: Zapata, Sonny | B5: Sonny | C5: Zapata | D5: sczapata@bounty.com.ph | E5: Bounty2025 | F5: Retail | G5: Business Center Head | H5: Zamboanga
A6: Siapno, Cedric | B6: Cedric | C6: Siapno | D6: cgsiapno@bounty.com.ph | E6: Bounty2025 | F6: Retail | G6: Store Specialist/s | H6: Zamboanga
A7: Serito, Jessie | B7: Jessie | C7: Serito | D7: jeserito@chookstogoinc.com.ph | E7: Bounty2025 | F7: Retail | G7: Mindanao Engineering Head | H7: Zamboanga
A8: Sanchez, Larry | B8: Larry | C8: Sanchez | D8: lhsanchez@chookstogoinc.com.ph | E8: Bounty2025 | F8: Retail | G8: Maintenance Supervisor/s | H8: Zamboanga
A9: Perez, Edward Jeko | B9: Edward Jeko | C9: Perez | D9: epperez@chookstogoinc.com.ph | E9: Bounty2025 | F9: Retail | G9: Business Center Head | H9: Tacloban
A10: Estoque, Errol Michael | B10: Errol Michael | C10: Estoque | D10: epestoque@bounty.com.ph | E10: Bounty2025 | F10: Retail | G10: Area Head/s | H10: Tacloban
A11: Armada, Richelle | B11: Richelle | C11: Armada | D11: rlarmada@bounty.com.ph | E11: Bounty2025 | F11: Retail | G11: Store Specialist/s | H11: Tacloban
A12: Efren, Gertrudes | B12: Gertrudes | C12: Efren | D12: grefren@bounty.com.ph | E12: Bounty2025 | F12: Retail | G12: Store Specialist/s | H12: Tacloban
A13: Andrada, Giovanni | B13: Giovanni | C13: Andrada | D13: glandrada@bounty.com.ph | E13: Bounty2025 | F13: Retail | G13: Store Specialist/s | H13: Tacloban
... A170: Benetua, Mark Almar | B170: Mark Almar | C170: Benetua | D170: mtbenetua@chookstogoinc.com.ph | E170: Bounty2025 | F170: IT Hardware | G170: IT Tech/ Coordinator | H170: Iloilo and Roxas

Sheet 1st Batch
A1: Full name | B1: First name | C1: Last name | D1: Username | E1: Password | F1: Group | G1: Position | H1: Business Center | I1: Status
A2: Rodriguez, Emilie | B2: Emilie | C2: Rodriguez | D2: eprodriguez@chookstogoinc.com.ph | E2: Bounty2025 | F2: Retail | G2: Business Center Head | H2: Metro Manila | I2: Done | J2: =IF(COUNTIF($D$2:$D$187, D2)>1, "Duplicate", "Unique") -> Unique
A3: Abejero, Justine Micaela | B3: Justine Micaela | C3: Abejero | D3: jlabejero@chookstogoinc.com.ph | E3: Bounty2025 | F3: Retail | G3: Area Head | H3: Metro Manila | I3: Done | J3: =IF(COUNTIF($D$2:$D$187, D3)>1, "Duplicate", "Unique") -> Unique
A4: Poblete, Essjay | B4: Essjay | C4: Poblete | D4: espoblete@chookstogoinc.com.ph | E4: Bounty2025 | F4: Retail | G4: Area Head | H4: Metro Manila | I4: Done | J4: =IF(COUNTIF($D$2:$D$187, D4)>1, "Duplicate", "Unique") -> Unique
A5: Peduche, Demetrio | B5: Demetrio | C5: Peduche | D5: dcpeduche@chookstogoinc.com.ph | E5: Bounty2025 | F5: Retail | G5: Luzon Engineering Head | H5: Luzon | I5: Done | J5: =IF(COUNTIF($D$2:$D$187, D5)>1, "Duplicate", "Unique") -> Unique
A6: Garrovillas, Adrian | B6: Adrian | C6: Garrovillas | D6: argarrovillas@chookstogoinc.com.ph | E6: Bounty2025 | F6: Retail | G6: Maintenance Supervisor | H6: Metro Manila | I6: Done | J6: =IF(COUNTIF($D$2:$D$187, D6)>1, "Duplicate", "Unique") -> Unique
A7: Guanlao, Cristina | B7: Cristina | C7: Guanlao | D7: cpguanlao@chookstogoinc.com.ph | E7: Bounty2025 | F7: Retail | G7: Admin | H7: Metro Manila | I7: Done | J7: =IF(COUNTIF($D$2:$D$187, D7)>1, "Duplicate", "Unique") -> Unique
A8: Aguilus, Artessa | B8: Artessa | C8: Aguilus | D8: acaguilus@chookstogoinc.com.ph | E8: Bounty2025 | F8: Retail | G8: Admin | H8: Central Luzon | I8: Done | J8: =IF(COUNTIF($D$2:$D$187, D8)>1, "Duplicate", "Unique") -> Unique
A9: Mendoza, Evelyn | B9: Evelyn | C9: Mendoza | D9: esmendoza@chookstogoinc.com.ph | E9: Bounty2025 | F9: Retail | G9: Business Center Head | H9: Central Luzon | I9: Done | J9: =IF(COUNTIF($D$2:$D$187, D9)>1, "Duplicate", "Unique") -> Unique
A10: Dela Cruz, Glaiza | B10: Glaiza | C10: Dela Cruz | D10: gldelacruz@chookstogoinc.com.ph | E10: Bounty2025 | F10: Retail | G10: Area Head | H10: Central Luzon | I10: Done | J10: =IF(COUNTIF($D$2:$D$187, D10)>1, "Duplicate", "Unique") -> Unique
A11: Nazal, Arnel | B11: Arnel | C11: Nazal | D11: apnazal@chookstogoinc.com.ph | E11: Bounty2025 | F11: Retail | G11: Area Head | H11: Central Luzon | I11: Done | J11: =IF(COUNTIF($D$2:$D$187, D11)>1, "Duplicate", "Unique") -> Unique
A12: Martinez, Tricia Faye | B12: Tricia Faye | C12: Martinez | D12: tsmartinez@chookstogoinc.com.ph | E12: Bounty2025 | F12: Retail | G12: Maintenance Supervisor | H12: Central Luzon | I12: Done | J12: =IF(COUNTIF($D$2:$D$187, D12)>1, "Duplicate", "Unique") -> Unique
A13: Carrera, Arnold Sharwin | B13: Arnold Sharwin | C13: Carrera | D13: amcarrera@chookstogoinc.com.ph | E13: Bounty2025 | F13: Retail | G13: Business Center Head | H13: Ilocos | I13: Done | J13: =IF(COUNTIF($D$2:$D$187, D13)>1, "Duplicate", "Unique") -> Unique
... A29: Maligaya, Bricks Keno | B29: Bricks Keno | C29: Maligaya | D29: btmaligaya@chookstogoinc.com.ph | E29: Bounty2025 | F29: Retail | G29: Maintenance Supervisor | H29: STAG | I29: Done | J29: =IF(COUNTIF($D$2:$D$187, D29)>1, "Duplicate", "Unique") -> Unique
A30: Yasona, Rathia Joyce | B30: Rathia Joyce | C30: Yasona | D30: rdyasona@chookstogoinc.com.ph | E30: Bounty2025 | F30: Retail | G30: Regional Head | H30: South Luzon | J30: =IF(COUNTIF($D$2:$D$187, D30)>1, "Duplicate", "Unique") -> Unique
A31: Librando , Michael Angelo | B31: Michael Angelo | C31: Librando | D31: mclibrando@chookstogoinc.com.ph | E31: Bounty2025 | F31: Retail | G31: Regional Head | H31: North and Central Luzon | J31: =IF(COUNTIF($D$2:$D$187, D31)>1, "Duplicate", "Unique") -> Unique
A32: Navarro, Dominico | B32: Dominico | C32: Navarro | D32: dbnavarro@chookstogoinc.com.ph | E32: Bounty2025 | F32: Retail | G32: Regional Head | H32: Metro Manila | J32: =IF(COUNTIF($D$2:$D$187, D32)>1, "Duplicate", "Unique") -> Unique
A33: Zapata, Sonny | B33: Sonny | C33: Zapata | D33: sczapata@bounty.com.ph | E33: Bounty2025 | F33: Retail | G33: Business Center Head | H33: Zamboanga | J33: =IF(COUNTIF($D$2:$D$187, D33)>1, "Duplicate", "Unique") -> Unique
A34: Siapno, Cedric | B34: Cedric | C34: Siapno | D34: cgsiapno@bounty.com.ph | E34: Bounty2025 | F34: Retail | G34: Store Specialist/s | H34: Zamboanga | J34: =IF(COUNTIF($D$2:$D$187, D34)>1, "Duplicate", "Unique") -> Unique
A35: Serito, Jessie | B35: Jessie | C35: Serito | D35: jeserito@chookstogoinc.com.ph | E35: Bounty2025 | F35: Retail | G35: Mindanao Engineering Head | H35: Zamboanga | J35: =IF(COUNTIF($D$2:$D$187, D35)>1, "Duplicate", "Unique") -> Unique
A36: Sanchez, Larry | B36: Larry | C36: Sanchez | D36: lhsanchez@chookstogoinc.com.ph | E36: Bounty2025 | F36: Retail | G36: Maintenance Supervisor/s | H36: Zamboanga | J36: =IF(COUNTIF($D$2:$D$187, D36)>1, "Duplicate", "Unique") -> Unique
A37: Perez, Edward Jeko | B37: Edward Jeko | C37: Perez | D37: epperez@chookstogoinc.com.ph | E37: Bounty2025 | F37: Retail | G37: Business Center Head | H37: Tacloban | J37: =IF(COUNTIF($D$2:$D$187, D37)>1, "Duplicate", "Unique") -> Unique
A38: Estoque, Errol Michael | B38: Errol Michael | C38: Estoque | D38: epestoque@bounty.com.ph | E38: Bounty2025 | F38: Retail | G38: Area Head/s | H38: Tacloban | J38: =IF(COUNTIF($D$2:$D$187, D38)>1, "Duplicate", "Unique") -> Unique
A39: Armada, Richelle | B39: Richelle | C39: Armada | D39: rlarmada@bounty.com.ph | E39: Bounty2025 | F39: Retail | G39: Store Specialist/s | H39: Tacloban | J39: =IF(COUNTIF($D$2:$D$187, D39)>1, "Duplicate", "Unique") -> Unique
A40: Efren, Gertrudes | B40: Gertrudes | C40: Efren | D40: grefren@bounty.com.ph | E40: Bounty2025 | F40: Retail | G40: Store Specialist/s | H40: Tacloban | J40: =IF(COUNTIF($D$2:$D$187, D40)>1, "Duplicate", "Unique") -> Unique
A41: Andrada, Giovanni | B41: Giovanni | C41: Andrada | D41: glandrada@bounty.com.ph | E41: Bounty2025 | F41: Retail | G41: Store Specialist/s | H41: Tacloban | J41: =IF(COUNTIF($D$2:$D$187, D41)>1, "Duplicate", "Unique") -> Unique
... A83: Castor, Robert Franci | B83: Robert Francis | C83: Castor | D83: rccastor@chookstogoinc.com.ph | E83: Bounty2025 | F83: Retail | G83: Maintenance Supervisor/s | H83: Iloilo | J83: =IF(COUNTIF($D$2:$D$187, D83)>1, "Duplicate", "Unique") -> Unique
A84: Nuay, Mia Fe | B84: Mia Fe | C84: Nuay | E84: Bounty2025 | F84: Retail | G84: Store Specialist | H84: Bacolod | J84: =IF(COUNTIF('1st Batch'!B:B, H84)>0, "Duplicate", "Unique") -> Unique
A85: Buga-ay, Bengie | B85: Bengie | C85: Buga-ay | D85: bmbugaay@chookstogoinc.com.ph | E85: Bounty2025 | F85: Retail | G85: Store Technician Supervisor | H85: Bacolod | J85: =IF(COUNTIF('1st Batch'!B:B, H85)>0, "Duplicate", "Unique") -> Unique
A86: Patindol, Narciso | B86: Narciso | C86: Patindol | E86: Bounty2025 | F86: Retail | G86: Store Senior Specialist | H86: Bicol | J86: =IF(COUNTIF('1st Batch'!B:B, H86)>0, "Duplicate", "Unique") -> Unique
A87: Zantua, Santiago | B87: Santiago | C87: Zantua | D87: srzantua@bounty.com.ph | E87: Bounty2025 | F87: Retail | G87: Store Senior Specialist | H87: Bicol | J87: =IF(COUNTIF('1st Batch'!B:B, H87)>0, "Duplicate", "Unique") -> Unique
A88: Robles, Rachell Maritoni | B88: Rachell Maritoni | C88: Robles | D88: rgrobles@bounty.com.ph | E88: Bounty2025 | F88: Retail | G88: Store Specialist | H88: Bicol | J88: =IF(COUNTIF('1st Batch'!B:B, H88)>0, "Duplicate", "Unique") -> Unique
A89: Saludes, Samson | B89: Samson | C89: Saludes | E89: Bounty2025 | F89: Retail | G89: Store Technician | H89: Bicol | J89: =IF(COUNTIF('1st Batch'!B:B, H89)>0, "Duplicate", "Unique") -> Unique
A90: Ayao, Rommel | B90: Rommel | C90: Ayao | E90: Bounty2025 | F90: Retail | G90: Store Technician | H90: Butuan | J90: =IF(COUNTIF('1st Batch'!B:B, H90)>0, "Duplicate", "Unique") -> Unique
A91: Andal, Amebert | B91: Amebert | C91: Andal | D91: arandales@chookstogoinc.com.ph | E91: Bounty2025 | F91: Retail | G91: Store Technician | H91: Cagayan de Oro | J91: =IF(COUNTIF('1st Batch'!B:B, H91)>0, "Duplicate", "Unique") -> Unique
A92: Leparto, Kim Justine | B92: Kim Justine | C92: Leparto | E92: Bounty2025 | F92: Retail | G92: Store Technician | H92: Cagayan de Oro | J92: =IF(COUNTIF('1st Batch'!B:B, H92)>0, "Duplicate", "Unique") -> Unique
A93: Tan, Noel Brayan | B93: Noel Brayan | C93: Tan | D93: nltan@bounty.com.ph | E93: Bounty2025 | F93: Retail | G93: Store Technician | H93: Cebu | J93: =IF(COUNTIF('1st Batch'!B:B, H93)>0, "Duplicate", "Unique") -> Unique
A94: Lacio, Alner | B94: Alner | C94: Lacio | E94: Bounty2025 | F94: Retail | G94: Store Technician | H94: Cebu | J94: =IF(COUNTIF('1st Batch'!B:B, H94)>0, "Duplicate", "Unique") -> Unique
A95: Magsino, Rubenor | B95: Rubenor | C95: Magsino | D95: rdmagsino@bounty.com.ph | E95: Bounty2025 | F95: Retail | G95: Store Senior Specialist | H95: Central Luzon | J95: =IF(COUNTIF('1st Batch'!B:B, H95)>0, "Duplicate", "Unique") -> Unique
A96: Perez, Ramon Christopher | B96: Ramon Christopher | C96: Perez | D96: rbperez@bounty.com.ph | E96: Bounty2025 | F96: Retail | G96: Store Senior Specialist | H96: Pangasinan | J96: =IF(COUNTIF('1st Batch'!B:B, H96)>0, "Duplicate", "Unique") -> Unique
A97: Regal, Ranier John | B97: Ranier John | C97: Regal | D97: rmregal@bounty.com.ph | E97: Bounty2025 | F97: Retail | G97: Store Senior Specialist | H97: Central Luzon | J97: =IF(COUNTIF('1st Batch'!B:B, H97)>0, "Duplicate", "Unique") -> Unique
A98: Sayo, Kenneth James | B98: Kenneth James | C98: Sayo | D98: kvsayo@bounty.com.ph | E98: Bounty2025 | F98: Retail | G98: Store Specialist | H98: Central Luzon | J98: =IF(COUNTIF('1st Batch'!B:B, H98)>0, "Duplicate", "Unique") -> Unique
A99: Balacano, Simplicio | B99: Simplicio | C99: Balacano | E99: Bounty2025 | F99: Retail | G99: Store Technician | H99: Central Luzon | J99: =IF(COUNTIF('1st Batch'!B:B, H99)>0, "Duplicate", "Unique") -> Unique
A100: Del Monte, Lorenzo | B100: Lorenzo | C100: Del Monte | E100: Bounty2025 | F100: Retail | G100: Store Technician | H100: Central Luzon | J100: =IF(COUNTIF('1st Batch'!B:B, H100)>0, "Duplicate", "Unique") -> Unique
A101: Ikaka, Jeffrey | B101: Jeffrey | C101: ude | E101: Bounty2025 | F101: Retail | G101: Store Technician | H101: Central Luzon | J101: =IF(COUNTIF('1st Batch'!B:B, H101)>0, "Duplicate", "Unique") -> Unique
A102: Martin, Michael | B102: Michael | C102: Martin | E102: Bounty2025 | F102: Retail | G102: Store Technician | H102: Central Luzon | J102: =IF(COUNTIF('1st Batch'!B:B, H102)>0, "Duplicate", "Unique") -> Unique
A103: Cataros, Arnold James | B103: Arnold James | C103: Cataros | E103: Bounty2025 | F103: Retail | G103: Store Technician | H103: Central Luzon | J103: =IF(COUNTIF('1st Batch'!B:B, H103)>0, "Duplicate", "Unique") -> Unique
A104: Oloroso, Jessie Ryan | B104: Jessie Ryan | C104: Oloroso | E104: Bounty2025 | F104: Retail | G104: Store Technician | H104: Central Luzon | J104: =IF(COUNTIF('1st Batch'!B:B, H104)>0, "Duplicate", "Unique") -> Unique
A105: Bulacan, Francis John | B105: Francis John | C105: Bulacan | D105: fqbulacan@bounty.com.ph | E105: Bounty2025 | F105: Retail | G105: Store Specialist | H105: Central Luzon | J105: =IF(COUNTIF('1st Batch'!B:B, H105)>0, "Duplicate", "Unique") -> Unique
A106: Baradas, Ramon | B106: Ramon | C106: Baradas | E106: Bounty2025 | F106: Retail | G106: Store Technician | H106: Davao | J106: =IF(COUNTIF('1st Batch'!B:B, H106)>0, "Duplicate", "Unique") -> Unique
A107: Olivar, Alfredo | B107: Alfredo | C107: Olivar | E107: Bounty2025 | F107: Retail | G107: Store Technician | H107: Davao | J107: =IF(COUNTIF('1st Batch'!B:B, H107)>0, "Duplicate", "Unique") -> Unique
A108: Comprendio, Teomar | B108: Teomar | C108: Comprendio | E108: Bounty2025 | F108: Retail | G108: Store Technician | H108: Gensan | J108: =IF(COUNTIF('1st Batch'!B:B, H108)>0, "Duplicate", "Unique") -> Unique
A109: Fernandez, Mark Frederick | B109: Mark Frederick | C109: Fernandez | D109: mafernandez@bounty.com.ph | E109: Bounty2025 | F109: Retail | G109: Store Specialist | H109: Ilocos | J109: =IF(COUNTIF('1st Batch'!B:B, H109)>0, "Duplicate", "Unique") -> Unique
A110: Calibuso, Francisco | B110: Francisco | C110: Calibuso | E110: Bounty2025 | F110: Retail | G110: Store Technician | H110: Ilocos | J110: =IF(COUNTIF('1st Batch'!B:B, H110)>0, "Duplicate", "Unique") -> Unique
A111: Reotutar, Daryl John | B111: Daryl John | C111: Reotutar | E111: Bounty2025 | F111: Retail | G111: Store Technician | H111: Ilocos | J111: =IF(COUNTIF('1st Batch'!B:B, H111)>0, "Duplicate", "Unique") -> Unique
A112: Velasco, Michael Angelo | B112: Michael Angelo | C112: Velasco | D112: mrvelasco@bounty.com.ph | E112: Bounty2025 | F112: Retail | G112: Store Specialist | H112: Ilocos | J112: =IF(COUNTIF('1st Batch'!B:B, H112)>0, "Duplicate", "Unique") -> Unique
A113: Espino, Dexter | B113: Dexter | C113: Espino | E113: Bounty2025 | F113: Retail | G113: Store Technician | H113: Iloilo | J113: =IF(COUNTIF('1st Batch'!B:B, H113)>0, "Duplicate", "Unique") -> Unique
A114: Baria, Jestle Jerald | B114: Jetle Jerald | C114: Baria | E114: Bounty2025 | F114: Retail | G114: Store Technician | H114: Iloilo | J114: =IF(COUNTIF('1st Batch'!B:B, H114)>0, "Duplicate", "Unique") -> Unique
A115: Paciencia, Mark Anthonie | B115: Mark Anthonie | C115: Paciencia | D115: mcpacencia@bounty.com.ph | E115: Bounty2025 | F115: Retail | G115: Store Specialist | H115: Iloilo | J115: =IF(COUNTIF('1st Batch'!B:B, H115)>0, "Duplicate", "Unique") -> Unique
A116: Tabang, Edrhen Vifan | B116: Edrhen Vifan | C116: Tabang | D116: ebtabang@bounty.com.ph | E116: Bounty2025 | F116: Retail | G116: Store Senior Specialist | H116: Iloilo | J116: =IF(COUNTIF('1st Batch'!B:B, H116)>0, "Duplicate", "Unique") -> Unique
A117: Armonio, Rommel | B117: Rommel | C117: Armonio | D117: rqarmonio@bounty.com.ph | E117: Bounty2025 | F117: Retail | G117: Store Specialist | H117: Iloilo | J117: =IF(COUNTIF('1st Batch'!B:B, H117)>0, "Duplicate", "Unique") -> Unique
A118: Francisco, Jon Marc | B118: Jon Marc | C118: Francisco | D118: jffrancisco@bounty.com.ph | E118: Bounty2025 | F118: Retail | G118: Store Specialist | H118: Iloilo | J118: =IF(COUNTIF('1st Batch'!B:B, H118)>0, "Duplicate", "Unique") -> Unique
A119: Rubejes, Raymond | B119: Raymond | C119: Rubejes | E119: Bounty2025 | F119: Retail | G119: Store Technician | H119: Iloilo | J119: =IF(COUNTIF('1st Batch'!B:B, H119)>0, "Duplicate", "Unique") -> Unique
A120: Mesias, Kayne Joelle | B120: Kayne Joelle | C120: Mesias | D120: kjmesias@bounty.com.ph | E120: Bounty2025 | F120: Retail | G120: Store Specialist | H120: Iloilo | J120: =IF(COUNTIF('1st Batch'!B:B, H120)>0, "Duplicate", "Unique") -> Unique
A121: Santos, Larry | B121: Larry | C121: Santos | E121: Bounty2025 | F121: Retail | G121: Store Technician | H121: Isabela | J121: =IF(COUNTIF('1st Batch'!B:B, H121)>0, "Duplicate", "Unique") -> Unique
A122: Tangonan, Rowel | B122: Rowel | C122: Tangonan | E122: Bounty2025 | F122: Retail | G122: Store Technician | H122: Isabela | J122: =IF(COUNTIF('1st Batch'!B:B, H122)>0, "Duplicate", "Unique") -> Unique
A123: Rabe, Gio Rae | B123: Gio Rae | C123: Rabe | D123: gsrabe@bounty.com.ph | E123: Bounty2025 | F123: Retail | G123: Store Specialist Chooks! Express | H123: Metro Manila | J123: =IF(COUNTIF('1st Batch'!B:B, H123)>0, "Duplicate", "Unique") -> Unique
A124: Burayag, Philip Jefferson | B124: Philip Jefferson | C124: Burayag | D124: ppburayag@bounty.com.ph | E124: Bounty2025 | F124: Retail | G124: Store Specialist | H124: Metro Manila | J124: =IF(COUNTIF('1st Batch'!B:B, H124)>0, "Duplicate", "Unique") -> Unique
A125: Ebio, Angelo | B125: Angelo | C125: Ebio | D125: aqebio@bounty.com.ph | E125: Bounty2025 | F125: Retail | G125: Store Specialist | H125: Metro Manila | J125: =IF(COUNTIF('1st Batch'!B:B, H125)>0, "Duplicate", "Unique") -> Unique
A126: Royo, Rene | B126: Rene | C126: Royo | D126: riroyo@bounty.com.ph | E126: Bounty2025 | F126: Retail | G126: Store Specialist | H126: Metro Manila | J126: =IF(COUNTIF('1st Batch'!B:B, H126)>0, "Duplicate", "Unique") -> Unique
A127: Tamaray, Jeremiah | B127: Jeremiah | C127: Tamaray | D127: jgtamaray@bounty.com.ph | E127: Bounty2025 | F127: Retail | G127: Store Specialist | H127: Metro Manila | J127: =IF(COUNTIF('1st Batch'!B:B, H127)>0, "Duplicate", "Unique") -> Unique
A128: Nunez, Vincent Joey | B128: Vincent Joey | C128: Nunez | E128: Bounty2025 | F128: Retail | G128: Store Technician | H128: Metro Manila | J128: =IF(COUNTIF('1st Batch'!B:B, H128)>0, "Duplicate", "Unique") -> Unique
A129: Grabillo, Teddie | B129: Teddie | C129: Grabillo | E129: Bounty2025 | F129: Retail | G129: Store Technician | H129: Metro Manila | J129: =IF(COUNTIF('1st Batch'!B:B, H129)>0, "Duplicate", "Unique") -> Unique
A130: Escober, Jasper Jesse | B130: Jasper Jesse | C130: Escober | E130: Bounty2025 | F130: Retail | G130: Store Technician | H130: Metro Manila | J130: =IF(COUNTIF('1st Batch'!B:B, H130)>0, "Duplicate", "Unique") -> Unique
A131: Sobremisana, Elmer | B131: Elmer | C131: Sobremisana | E131: Bounty2025 | F131: Retail | G131: Store Technician | H131: Metro Manila | J131: =IF(COUNTIF('1st Batch'!B:B, H131)>0, "Duplicate", "Unique") -> Unique
A132: Bustalino, Albert | B132: Albert | C132: Bustalino | E132: Bounty2025 | F132: Retail | G132: Store Technician | H132: Metro Manila | J132: =IF(COUNTIF('1st Batch'!B:B, H132)>0, "Duplicate", "Unique") -> Unique
A133: Villarin, Jerry Arcia | B133: Jerry Arcia | C133: Villarin | E133: Bounty2025 | F133: Retail | G133: Store Technician | H133: Metro Manila | J133: =IF(COUNTIF('1st Batch'!B:B, H133)>0, "Duplicate", "Unique") -> Unique
A134: De Paz, Jolina Marie | B134: Jolina Marie | C134: De Paz | D134: jcdepaz@bounty.com.ph | E134: Bounty2025 | F134: Retail | G134: Store Specialist | H134: Metro Manila | J134: =IF(COUNTIF('1st Batch'!B:B, H134)>0, "Duplicate", "Unique") -> Unique
A135: Arma, Pauline | B135: Pauline | C135: Arma | D135: plarma@bounty.com.ph | E135: Bounty2025 | F135: Retail | G135: Store Specialist | H135: Metro Manila | J135: =IF(COUNTIF('1st Batch'!B:B, H135)>0, "Duplicate", "Unique") -> Unique
A136: Castro, France Frussian | B136: France Frussian | C136: Castro | E136: Bounty2025 | F136: Retail | G136: Store Technician | H136: Metro Manila | J136: =IF(COUNTIF('1st Batch'!B:B, H136)>0, "Duplicate", "Unique") -> Unique
A137: Pernites, Noel | B137: Noel | C137: Pernites | E137: Bounty2025 | F137: Retail | G137: Store Technician | H137: Ormoc | J137: =IF(COUNTIF('1st Batch'!B:B, H137)>0, "Duplicate", "Unique") -> Unique
A138: Dacaymat, Leziel | B138: Leziel | C138: Dacaymat | D138: lbdacaymat@bounty.com.ph | E138: Bounty2025 | F138: Retail | G138: Store Specialist | H138: Ormoc | J138: =IF(COUNTIF('1st Batch'!B:B, H138)>0, "Duplicate", "Unique") -> Unique
A139: Andales, Archillan | B139: Archillan | C139: Andales | E139: Bounty2025 | F139: Retail | G139: Store Technician | H139: Ozamiz | J139: =IF(COUNTIF('1st Batch'!B:B, H139)>0, "Duplicate", "Unique") -> Unique
A140: Diaz, Rowell | B140: Rowell | C140: Diaz | E140: Bounty2025 | F140: Retail | G140: Store Technician | H140: Pangasinan | J140: =IF(COUNTIF('1st Batch'!B:B, H140)>0, "Duplicate", "Unique") -> Unique
A141: Magbanua, Rolando | B141: Rolando | C141: Magbanua | D141: ramagbanua@bounty.com.ph | E141: Bounty2025 | F141: Retail | G141: Store Specialist | H141: Pangasinan | J141: =IF(COUNTIF('1st Batch'!B:B, H141)>0, "Duplicate", "Unique") -> Unique
A142: Quiming, Menard | B142: Menard | C142: Quiming | E142: Bounty2025 | F142: Retail | G142: Store Technician | H142: Pangasinan | J142: =IF(COUNTIF('1st Batch'!B:B, H142)>0, "Duplicate", "Unique") -> Unique
A143: Roxas, Mark | B143: Mark | C143: Roxas | E143: Bounty2025 | F143: Retail | G143: Store Technician | H143: Iloilo | J143: =IF(COUNTIF('1st Batch'!B:B, H143)>0, "Duplicate", "Unique") -> Unique
A144: Naingue, Bernaldo Jr. | B144: Bernaldo Jr. | C144: Naingue | D144: brnaingue@bounty.com.ph | E144: Bounty2025 | F144: Retail | G144: Store Specialist | H144: STAG | J144: =IF(COUNTIF('1st Batch'!B:B, H144)>0, "Duplicate", "Unique") -> Unique
A145: Aguado, Mar Eusebio Anthony | B145: Mar Eusebio Anthony | C145: Aguado | D145: mpaguado@bounty.com.ph | E145: Bounty2025 | F145: Retail | G145: Store Senior Specialist | H145: STAG | J145: =IF(COUNTIF('1st Batch'!B:B, H145)>0, "Duplicate", "Unique") -> Unique
A146: Lozano, Christian Eros | B146: Christian Eros | C146: Lozano | E146: Bounty2025 | F146: Retail | G146: Store Specialist | H146: STAG | J146: =IF(COUNTIF('1st Batch'!B:B, H146)>0, "Duplicate", "Unique") -> Unique
A147: Ilogon, Crisanto | B147: Crisanto | C147: Ilogon | E147: Bounty2025 | F147: Retail | G147: Store Technician | H147: STAG | J147: =IF(COUNTIF('1st Batch'!B:B, H147)>0, "Duplicate", "Unique") -> Unique
A148: Manalastas, Analito | B148: Analito | C148: Manalastas | E148: Bounty2025 | F148: Retail | G148: Store Technician | H148: STAG | J148: =IF(COUNTIF('1st Batch'!B:B, H148)>0, "Duplicate", "Unique") -> Unique
A149: Perez, Bernardo | B149: Bernardo | C149: Perez | E149: Bounty2025 | F149: Retail | G149: Store Technician | H149: STAG | J149: =IF(COUNTIF('1st Batch'!B:B, H149)>0, "Duplicate", "Unique") -> Unique
A150: Diana, Chris Dennes | B150: Chris Dennes | C150: Diana | E150: Bounty2025 | F150: Retail | G150: Store Technician | H150: STAG | J150: =IF(COUNTIF('1st Batch'!B:B, H150)>0, "Duplicate", "Unique") -> Unique
A151: Brotonel, Arlan | B151: Arlan | C151: Brotonel | E151: Bounty2025 | F151: Retail | G151: Store Technician | H151: STAG | J151: =IF(COUNTIF('1st Batch'!B:B, H151)>0, "Duplicate", "Unique") -> Unique
A152: Espiritu, Jonathan | B152: Jonathan | C152: Espiritu | E152: Bounty2025 | F152: Retail | G152: Store Technician | H152: STAG | J152: =IF(COUNTIF('1st Batch'!B:B, H152)>0, "Duplicate", "Unique") -> Unique
A153: Dolar, Rea | B153: Rea | C153: Dolar | D153: rsdolar@bounty.com.ph | E153: Bounty2025 | F153: Retail | G153: Store Specialist | H153: STAG | J153: =IF(COUNTIF('1st Batch'!B:B, H153)>0, "Duplicate", "Unique") -> Unique
A154: Martinez, Jewelyn | B154: Jewelyn | C154: Martinez | D154: jmmartinez@bounty.com.ph | E154: Bounty2025 | F154: Retail | G154: Store Specialist | H154: STAG | J154: =IF(COUNTIF('1st Batch'!B:B, H154)>0, "Duplicate", "Unique") -> Unique
A155: Roa, Edwin | B155: Edwin | C155: Roa | E155: Bounty2025 | F155: Retail | G155: Store Technician | H155: Tacloban | J155: =IF(COUNTIF('1st Batch'!B:B, H155)>0, "Duplicate", "Unique") -> Unique
A156: Alvarez, Jon Jomar | B156: Jon Jomar | C156: Alvarez | E156: Bounty2025 | F156: Retail | G156: Store Technician | H156: Zamboanga | J156: =IF(COUNTIF('1st Batch'!B:B, H156)>0, "Duplicate", "Unique") -> Unique
...

Sheet Store Specialist
A1: No. | B1: Company Code | C1: Tarkie Assignee | D1: Firstname | E1: Lastname | F1: Group | G1: Business Center | H1: Position | I1: Username | J1: Password | K1: Status vs 1st Batch
A2: 1 | B2: 89HKJSYG | C2: Ibugan, Elmer | D2: Elmer | E2: Ibugan | F2: Retail | G2: Bacolod | H2: Store Specialist | I2: egibugan@bounty.com.ph | J2: Bounty2025 | K2: =IF(COUNTIF('1st Batch'!D:D, I2)>0, "Duplicate", "Unique") -> Duplicate
A3: 2 | B3: 89HKJSYG | C3: Nuay, Mia Fe | D3: Mia Fe | E3: Nuay | F3: Retail | G3: Bacolod | H3: Store Specialist | I3: Nuay_MiaFe | J3: Bounty2025 | K3: =IF(COUNTIF('1st Batch'!D:D, I3)>0, "Duplicate", "Unique") -> Unique
A4: 3 | B4: 89HKJSYG | C4: Lamis, Joshua | D4: Joshua | E4: Lamis | F4: Retail | G4: Bacolod | H4: Store Specialist | I4: jvlamis@bounty.com.ph | J4: Bounty2025 | K4: =IF(COUNTIF('1st Batch'!D:D, I4)>0, "Duplicate", "Unique") -> Duplicate
A5: 4 | B5: 89HKJSYG | C5: Buga-ay, Bengie | D5: Bengie | E5: Buga-ay | F5: Retail | G5: Bacolod | H5: Store Technician Supervisor | I5: bmbugaay@chookstogoinc.com.ph | J5: Bounty2025 | K5: =IF(COUNTIF('1st Batch'!D:D, I5)>0, "Duplicate", "Unique") -> Duplicate
A6: 5 | B6: 89HKJSYG | C6: Amoto, Honey Anne | D6: Honey Anne | E6: Amoto | F6: Retail | G6: Bacolod | H6: Store Specialist | I6: hmamoto@bounty.com.ph | J6: Bounty2025 | K6: =IF(COUNTIF('1st Batch'!D:D, I6)>0, "Duplicate", "Unique") -> Duplicate
A7: 6 | B7: 89HKJSYG | C7: Patindol, Narciso | D7: Narciso | E7: Patindol | F7: Retail | G7: Bicol | H7: Store Senior Specialist | I7: Patindol_Narciso | J7: Bounty2025 | K7: =IF(COUNTIF('1st Batch'!D:D, I7)>0, "Duplicate", "Unique") -> Unique
A8: 7 | B8: 89HKJSYG | C8: Zantua, Santiago | D8: Santiago | E8: Zantua | F8: Retail | G8: Bicol | H8: Store Senior Specialist | I8: srzantua@bounty.com.ph | J8: Bounty2025 | K8: =IF(COUNTIF('1st Batch'!D:D, I8)>0, "Duplicate", "Unique") -> Duplicate
A9: 8 | B9: 89HKJSYG | C9: Robles, Rachell Maritoni | D9: Rachell Maritoni | E9: Robles | F9: Retail | G9: Bicol | H9: Store Specialist | I9: rgrobles@bounty.com.ph | J9: Bounty2025 | K9: =IF(COUNTIF('1st Batch'!D:D, I9)>0, "Duplicate", "Unique") -> Duplicate
A10: 9 | B10: 89HKJSYG | C10: Saludes, Samson | D10: Samson | E10: Saludes | F10: Retail | G10: Bicol | H10: Store Technician | I10: Saludes_Samson | J10: Bounty2025 | K10: =IF(COUNTIF('1st Batch'!D:D, I10)>0, "Duplicate", "Unique") -> Unique
A11: 10 | B11: 89HKJSYG | C11: Gavica, Mary Linette | D11: Mary Linette | E11: Gavica | F11: Retail | G11: Bicol | H11: Store Technician Supervisor | I11: mbgavica@chookstogoinc.com.ph | J11: Bounty2025 | K11: =IF(COUNTIF('1st Batch'!D:D, I11)>0, "Duplicate", "Unique") -> Duplicate
A12: 11 | B12: 89HKJSYG | C12: Ayao, Rommel | D12: Rommel | E12: Ayao | F12: Retail | G12: Butuan | H12: Store Technician | I12: Ayao_Rommel | J12: Bounty2025 | K12: =IF(COUNTIF('1st Batch'!D:D, I12)>0, "Duplicate", "Unique") -> Unique
A13: 12 | B13: 89HKJSYG | C13: Espinosa, Mark Gerald | D13: Mark Gerald | E13: Espinosa | F13: Retail | G13: Cagayan De Oro | H13: Store Specialist | I13: maespinosa@bounty.com.ph | J13: Bounty2025 | K13: =IF(COUNTIF('1st Batch'!D:D, I13)>0, "Duplicate", "Unique") -> Duplicate
... A139: 138 | B139: 89HKJSYG | C139: Ephraim Rodriguez | D139: Ephraim | E139: Rodriguez | F139: Retail | G139: Central Luzon | H139: Store Technician | I139: Rodriguez_Ephraim | J139: Bounty2025 | K139: =IF(COUNTIF('1st Batch'!D:D, I139)>0, "Duplicate", "Unique") -> Unique

Sheet IT Tech
A1: IT Personnel | B1: Operational Base | C1: Area of coverage | D1: Email | E1: Username | F1: Password
A2: Philip James Manuntag | B2: Isabela | C2: Provincial Luzon (Isabela, Pangasinan, and Ilocos) | D2: pcmanuntag@chookstogoinc.com.ph | E2: pcmanuntag@chookstogoinc.com.ph | F2: Bounty2025
A3: Jonathan Cayabyab | B3: Pangasinan | C3: Pangasinan and Ilocos | D3: jscayabyab@chookstogoinc.com.ph | E3: jscayabyab@chookstogoinc.com.ph | F3: Bounty2025
A4: John Jordan Celebre | B4: BGC | C4: MMCL and NCR | D4: jbcelebre@chookstogoinc.com.ph | E4: jbcelebre@chookstogoinc.com.ph | F4: Bounty2025
A5: John Earl Amores | B5: BGC | C5: BGC Metro Manila and Caloocan | D5: jcamores@chookstogoinc.com.ph | E5: jcamores@chookstogoinc.com.ph | F5: Bounty2025
A6: Gim San Tiu | B6: BGC | C6: Brixton and Central Luzon | D6: gctiu@chookstogoinc.com.ph | E6: gctiu@chookstogoinc.com.ph | F6: Bounty2025
A7: Gwyn Kyle Tarayo | B7: Crossing Calamba | C7: Southern Tagalog (CALABARZON and Bicol) | D7: gbtarayo@chookstogoinc.com.ph | E7: gbtarayo@chookstogoinc.com.ph | F7: Bounty2025
A8: John Lloyd Paculan | B8: Lawa | C8: Laguna and Cavite | D8: jlpaculan@chookstogoinc.com.ph | E8: jlpaculan@chookstogoinc.com.ph | F8: Bounty2025
A9: John Bennedick Amposta | B9: Batangas | C9: Batangas | D9: jpamposta@choockstogoinc.com.ph | E9: jpamposta@choockstogoinc.com.ph | F9: Bounty2025
A10: John Lawrence Cruzada | B10: Bicol | C10: Bicol | D10: jcrcruzada@chookstogoinc.com.ph | E10: jcrcruzada@chookstogoinc.com.ph | F10: Bounty2025
A11: Sherwin Jalon | B11: Zamboanga | C11: Zamboanga and Visayas (Cebu, Dumaguete, Bacolod, Iloilo, Roxas, Tacloban, Ormoc, and Calbayog) | D11: swjalon@chookstogoinc.com.ph | E11: swjalon@chookstogoinc.com.ph | F11: Bounty2025
A12: Sergio Marcellana Jr. | B12: Cebu | C12: Cebu and Ormoc | D12: simarcellana@chookstogoinc.com.ph | E12: simarcellana@chookstogoinc.com.ph | F12: Bounty2025
... A18: Sonny Ian Betarmos | B18: Davao | C18: Davao and Ozamis | D18: sgbetarmos@chookstogoinc.com.ph | E18: sgbetarmos@chookstogoinc.com.ph | F18: Bounty2025
